nucleoside	monoisotopic_mass
A	267.09675
G	283.09167
C	243.08552
U	244.06954